key,doi,title,year,venue,authors,cited_by,status,oa_id,role,content_read
Ganduglia2007,10.1016/j.surfrep.2007.03.002,Oxygen vacancies in transition metal and rare earth oxides: Current state of understanding and remaining challenges,2007,Surface Science Reports,Ganduglia-Pirovano; Hofmann; Sauer,1293,verified,https://openalex.org/W2050231757,"산화물 산소공공의 표준 리뷰 (제목·서지만 확인, 원문 미열람)",제목·서지만 검증
RuizPuigdollers2017,10.1021/acscatal.7b01913,Increasing Oxide Reducibility: The Role of Metal/Oxide Interfaces in the Formation of Oxygen Vacancies,2017,ACS Catalysis,Ruiz Puigdollers; Schlexer; Tosoni; Pacchioni,941,verified,https://openalex.org/W2746293124,reducibility의 정준 정의 + 금속/산화물 계면 경로,초록 열람
Doornkamp2000,10.1016/s1381-1169(00)00319-8,The universal character of the Mars and Van Krevelen mechanism,2000,Journal of Molecular Catalysis A: Chemical,Doornkamp; Ponec,606,verified,https://openalex.org/W2019901122,"Mars–van Krevelen 보편성 (제목·서지만 확인, 원문 미열람)",제목·서지만 검증
Hurst1982,10.1080/03602458208079654,Temperature Programmed Reduction,1982,Catalysis Reviews,Hurst; Gentry; Jones; McNicol,527,verified,https://openalex.org/W2073167381,TPR 기법의 방법론 표준 참조,초록 열람
Arnoldy1985,10.1016/0021-9517(85)90149-6,Temperature-programmed reduction of CoO/AI2O3 catalysts,1985,Journal of Catalysis,ARNOLDY,650,verified,https://openalex.org/W1993091406,alumina 담지 산화물의 TPR 고전 사례 (제목·서지만 확인),제목·서지만 검증
Fierro1994,10.1006/jcat.1994.1257,"A Study of Anomalous Temperature-Programmed Reduction Profiles of Cu2O, CuO, and CuO-ZnO Catalysts",1994,Journal of Catalysis,Fierro; Lojacono; Inversi; Porta; Lavecchia; Cioci,131,verified,https://openalex.org/W2023419101,비정상 TPR 프로파일 — 해석 함정 (제목·서지만 확인),제목·서지만 검증
Li2018,10.1016/j.cattod.2018.05.059,"A review on oxygen storage capacity of CeO2-based materials: Influence factors, measurement techniques, and applications in reactions related to catalytic automotive emissions control",2019,Catalysis Today,Li; Chen; Li; Schwank,397,verified,https://openalex.org/W2808633175,OSC 측정법 리뷰 (제목·서지만 확인),제목·서지만 검증
Madier1999,10.1021/jp991270a,Oxygen Mobility in CeO 2 and Ce x Zr (1 - x ) O 2 Compounds: Study by CO Transient Oxidation and 18 O/ 16 O Isotopic Exchange,1999,The Journal of Physical Chemistry B,Madier; Descorme; Le Govic; Duprez,330,verified,https://openalex.org/W2318339659,OSC·CO-TPR·TPIE 세 측정군의 병행 사용례,초록 열람
Mullins2015,10.1016/j.surfrep.2014.12.001,The surface chemistry of cerium oxide,2015,Surface Science Reports,Mullins,693,verified,https://openalex.org/W2008033919,ceria 표면화학 리뷰 (제목·서지만 확인),제목·서지만 검증
Schmitt2019,10.1039/c9cs00588a,A review of defect structure and chemistry in ceria and its solid solutions,2020,Chemical Society Reviews,Schmitt; Nenning; Kraynis; Korobko; Frenkel; Lubomirsky; Haile; Rupp,631,verified,https://openalex.org/W2998231051,"ceria 결함화학 — XRD로 안 보이는 국소 구조, 미결 논쟁",초록 열람
Esch2005,10.1126/science.1111568,Electron Localization Determines Defect Formation on Ceria Substrates,2005,Science,Esch; Fabris; Zhou; Montini; Africh; Fornasiero; Comelli; Rosei,1469,verified,https://openalex.org/W1995379479,산소 방출 + 전자가 Ce에 국재 — 환원의 2부 signature,초록 열람
Diebold2003,10.1016/s0167-5729(02)00100-0,The surface science of titanium dioxide,2003,Surface Science Reports,Diebold,7943,verified,https://openalex.org/W1986252415,TiO2 표면과학 표준 리뷰 (제목·서지만 확인),제목·서지만 검증
Parkinson2016,10.1016/j.surfrep.2016.02.001,Iron oxide surfaces,2016,Surface Science Reports,Parkinson,612,verified,https://openalex.org/W2342621649,철산화물 표면 리뷰 (제목·서지만 확인),제목·서지만 검증
Bharti2016,10.1038/srep32355,Formation of oxygen vacancies and Ti3+ state in TiO2 thin film and enhanced optical properties by air plasma treatment,2016,Scientific Reports,Bharti; Kumar; Lee; Kumar,1438,verified,https://openalex.org/W2507657534,TiO2: Ti3+·산소공공을 XPS로 확인한 증거 패키지 사례,초록 열람
Hinuma2018,10.1021/acs.jpcc.8b11279,Density Functional Theory Calculations of Oxygen Vacancy Formation and Subsequent Molecular Adsorption on Oxide Surfaces,2018,The Journal of Physical Chemistry C,Hinuma; Toyao; Kamachi; Maeno; Takakusagi; Furukawa; Takigawa; Shimizu,215,verified,https://openalex.org/W2902127761,E_Ovac의 결정 인자(밴드갭·생성에너지·전자친화도) + 탈착 후 전자 귀속,초록 열람
Kumar2016,10.1021/acscatal.5b02657,Correlation of Methane Activation and Oxide Catalyst Reducibility and Its Implications for Oxidative Coupling,2016,ACS Catalysis,Kumar; Lau; Krcha; Janik,180,verified,https://openalex.org/W2255241769,"surface reducibility(E_Ovac, work function)를 descriptor로 조작적 정의; reducible·nonreducible을 한 상관에 포함",초록 열람
Krcha2012,10.1016/j.jcat.2012.06.010,Periodic trends of oxygen vacancy formation and C–H bond activation over transition metal-doped CeO2 (1 1 1) surfaces,2012,Journal of Catalysis,Krcha; Mayernick; Janik,189,verified,https://openalex.org/W2068863120,산소공공 생성과 C–H 활성화의 주기적 경향 (제목·서지만 확인),제목·서지만 검증
Deml2014,10.1039/c3ee43874k,Oxide enthalpy of formation and band gap energy as accurate descriptors of oxygen vacancy formation energetics,2014,Energy &amp; Environmental Science,Deml; Stevanović; Muhich; Musgrave; O'Hayre,164,verified,https://openalex.org/W2064535277,E_Ovac이 산화물 생성엔탈피와 밴드갭으로 결정됨,초록 열람
