key,classification,chain_link,role,unique_contribution,rationale,title,year,venue,doi,origin,verification,verification_source
Kwak2007,KEEP,[A]→[B],Al(V) 표면 국재의 1차 근거,21.1 T NMR + T1<8 ms + BaO 1:1 적정 (0.64 vs 0.68 mol%),Al(V) 논의 전체의 기준 측정. 대체 문헌 없음,Penta-coordinated Al3+ ions as preferential nucleation sites for BaO on γ-Al2O3: An ultra-high-magnetic field 27Al MAS NMR study,2007,Journal of Catalysis,10.1016/j.jcat.2007.06.029,initial(사용자 4편),Crossref 대조 통과,Crossref API
Prins2020,KEEP,[B],구조 기준 + 용어 혼동 차단,양이온 공공(80% V_O)은 화학량 보정용 구조 특성 — 산소 공공이 아님,'vacancy'를 산소 공공으로 오독하는 경로를 차단하는 유일한 seed,On the structure of γ-Al2O3,2020,Journal of Catalysis,10.1016/j.jcat.2020.10.010,initial(사용자 4편),Crossref 대조 통과,Crossref API
Jeong2020,KEEP,"[A]→[B], [D] 주장",연구 motivation + 인용 오류 사례,H2 pre-reduction 350 °C → Al(V); fresh γ-Al2O3 TCD 267/661 °C,재현 목표 그림. 동시에 '인용이 주장을 지지하지 않는' 검증 사례,Highly durable metal ensemble catalysts with full dispersion for automotive applications beyond single-atom catalysts,2020,Nature Catalysis,10.1038/s41929-020-0427-z,initial(사용자 4편),Crossref 대조 통과,Crossref API
Knozinger1978,KEEP,[B] 표면화학,검색 어휘의 정의 출처,표면 OH 유형 분류 + Lewis/Brønsted 산점 모델,1970년대 어휘 없이는 구 문헌에 query가 닿지 않음,Catalytic Aluminas: Surface Models and Characterization of Surface Sites,1978,Catalysis Reviews,10.1080/03602457808080878,v1 추가,Crossref 대조 통과,Crossref API
Morterra1996,KEEP,[B]→[C] 경계,IR 축 + CO 반응 개시온도,전이 alumina의 CO 반응이 T≥400 °C에서 시작 (Ammendola가 이를 근거로 인용),IR 커뮤니티 입구이자 'alumina가 CO와 반응하는 온도'의 기준,"A case study: surface chemistry and surface structure of catalytic aluminas, as studied by vibrational spectroscopy of adsorbed species",1996,Catalysis Today,10.1016/0920-5861(95)00163-8,v1 추가,Crossref 대조 통과,Crossref API
Digne2004,KEEP,[A]→[B] 계산,OH 피복률의 정량 기준,"(100) 17.1, (110) 11.8, (111) 14.7 OH/nm² (완전수화); (110)은 500–1000 K에서 3.0, (111)은 1000 K에서도 9.8 OH/nm²",처리온도→OH 피복률의 유일한 정량 모델. Ammendola가 이 값으로 OH 총량을 계산,Use of DFT to achieve a rational understanding of acid?basic properties of ?-alumina surfaces,2004,Journal of Catalysis,10.1016/j.jcat.2004.04.020,v1 추가,Crossref 대조 통과,Crossref API
Joubert2006,KEEP,[D'] 대안설명,H2 소모 ≠ 산소 제거의 정량 증거,"H2가 약 25 °C에 Al(III)/Al(IV)와 heterolytic splitting → Al(IV)–H, Al(V)–H; defect 밀도 0.043–0.069 site/nm² (OH 4/nm²)",저온 H2 신호의 1순위 경쟁 가설,Heterolytic Splitting of H 2 and CH 4 on γ-Alumina as a Structural Probe for Defect Sites,2006,The Journal of Physical Chemistry B,10.1021/jp0641841,v1 추가,Crossref 대조 통과,Crossref API
Wischert2012,KEEP,[B]→[D'] 반증,Al(V) 전제의 반증,(110)의 tricoordinate Al(III)가 defect site; (100)의 5배위 Al로는 반응성 설명 불가; 최적 전처리 700 °C,seed set의 지배 전제를 깨는 유일한 축,"γ-Alumina: The Essential and Unexpected Role of Water for the Structure, Stability, and Reactivity of “Defect” Sites",2012,Journal of the American Chemical Society,10.1021/ja3042383,v1 추가,Crossref 대조 통과,Crossref API
Martin1996,KEEP,[C] 직접측정,격자 산소 이동성의 실험 기준,¹⁸O₂/¹⁶O 최대교환 γ-Al2O3 620 °C vs CeO2 410 °C; Rh 담지 시 200–300 °C 하강,[C] 고리의 유일한 직접 실험 측정 + 금속 교란 경고,"Mobility of Surface Species on Oxides. 1. Isotopic Exchange of 18 O 2 with 16 O of SiO 2 , Al 2 O 3 , ZrO 2 , MgO, CeO 2 , and CeO 2 -Al 2 O 3 . Activation by Noble Metals. Correlation with Oxide Basicity",1996,The Journal of Physical Chemistry,10.1021/jp9531568,v1 추가,Crossref 대조 통과,Crossref API
Ammendola2011,KEEP,[D] 출처 검증,인용된 근거의 실제 내용,"CO-TPR: CO 소모 ≥400 °C, 최대 594/602 °C; CO 191–229, CO2 181–216, H2 184–205 μmol/g; H2/CO2 ≈ 0.95–1.02 → OH와의 WGS로 귀속. Al 환원 주장 없음",Jeong2020 해석의 근거가 실제로는 OH 화학임을 보이는 결정적 seed,Alumina contribution to CO oxidation: A TPR and IR study,2011,Surface Science,10.1016/j.susc.2011.06.018,v1 추가,Crossref 대조 통과,Crossref API
Kramer1979,KEEP,[D'] 대안설명,spillover에 의한 H 축적,alumina 상 원자수소 흡착,H2 흡수를 환원 아닌 것으로 설명하는 고전. 독립 검색에서도 재검출,Adsorption of atomic hydrogen on alumina by hydrogen spillover,1979,Journal of Catalysis,10.1016/0021-9517(79)90266-5,v1 추가,Crossref 대조 통과,Crossref API
Amenomiya1978,KEEP,[C]/[D'] 기원,alumina 자체가 water-gas 전환을 촉매,alumina 상 water-gas conversion (formate 중간체),OH 기반 CO/H2 화학의 기원 문헌. 1970년대 어휘,Active sites of solid acidic catalysts *1II. Water-gas conversion on alumina and some other catalysts,1978,Journal of Catalysis,10.1016/0021-9517(78)90207-5,v2 신규,Crossref 대조 통과,Crossref API
Kalamaras2008,KEEP,[D'] 동위원소 증거,OH/H back-spillover의 operando 증거,Pt/γ-Al2O3 WGS의 operando SSITKA-DRIFTS-MS,지지체→금속 방향 H 이동을 동위원소로 추적 — TCD로는 불가능한 판별,The water-gas shift reaction on Pt/γ-Al2O3 catalyst: Operando SSITKA-DRIFTS-mass spectroscopy studies,2008,Catalysis Today,10.1016/j.cattod.2008.06.010,v2 신규,Crossref 대조 통과,Crossref API
Hinuma2020,KEEP,[C] 계산기준,전이 alumina 표면 산소공공 생성에너지,접근가능 표면 중 최저 E_Ovac: β-Ga2O3 (101) 3.04 eV vs θ-Al2O3 (201̅) 5.46 eV,θ상(전이 alumina) 표면의 정량적 산소공공 비용. [C] 고리 계산 기준,Surface Oxygen Vacancy Formation Energy Calculations in 34 Orientations of β-Ga2O3 and θ-Al2O3,2020,The Journal of Physical Chemistry C,10.1021/acs.jpcc.0c00994,v2 신규,Crossref 대조 통과,Crossref API
Carrasco2004,KEEP,[C] 계산비교,산화물 간 산소공공 비교 + 이동장벽,"MgO, CaO, α-Al2O3, ZnO의 공공 생성에너지·공공간 상호작용·이동장벽을 ionicity/Madelung으로 설명",산소공공 생성·확산을 산화물 계열로 비교하는 독립 기준 (α상),First Principles Analysis of the Stability and Diffusion of Oxygen Vacancies in Metal Oxides,2004,Physical Review Letters,10.1103/physrevlett.93.225502,v2 신규,Crossref 대조 통과,Crossref API
Shi2020,KEEP,[A]→[C] 주장,처리로 산소공공을 바꿨다는 주장,"플라즈마 처리: H2 플라즈마 후 SOV 증가, O2 플라즈마 후 OH 증가·SOV 감소; OH가 수소 spillover 촉진",처리→산소공공을 양방향으로 조절했다고 주장하는 드문 사례 — 측정법 정밀 검증 대상,Pt Catalysts Supported on H 2 and O 2 Plasma-Treated Al 2 O 3 for Hydrogenation and Dehydrogenation of the Liquid Organic Hydrogen Carrier Pair Dibenzyltoluene and Perhydrodibenzyltoluene,2020,ACS Catalysis,10.1021/acscatal.0c03091,v2 신규,Crossref 대조 통과,Crossref API
Ostrovski2010,KEEP,[D] 열역학 기준,벌크 alumina 환원의 실제 조건,탄소열 환원 생성물: Al4C3 + Al·Al2O 증기 (재산화되어 Al4O4C),벌크 Al2O3 환원이 어떤 조건을 요구하는지의 금속공학적 기준선,Carbothermal Solid State Reduction of Stable Metal Oxides,2010,steel research international,10.1002/srin.201000177,v2 신규,Crossref 대조 통과,Crossref API
Wang2022,KEEP,claim-pattern 시험,Al(V)+산소공공+spillover를 동시 주장하는 사례,penta-coordinated Al3+ 고정 site + 'Al2O3 상 산소공공'과 수소 spillover를 코크 저항에 귀속,본 연구가 경계해야 할 주장 패턴의 대표 사례 — 증거가 아니라 시험 대상,Effects of penta‐coordinated Al 3+ sites and Ni defective sites on Ni/ Al 2 O 3 for CO methanation,2022,AIChE Journal,10.1002/aic.17998,v2 신규,Crossref 대조 통과,Crossref API
Choi2022,OPTIONAL,[A]→[B],수열/OH 처리 축,"10% H2O/air 500 또는 750 °C, 10 h → 표면 OH (¹H MAS NMR)",S3와 동일 그룹이고 [C]/[D] 기여 0. 다만 hydrothermal aging 어휘는 고유,Anchoring catalytically active species on alumina via surface hydroxyl group for durable surface reaction,2023,Applied Catalysis B: Environmental,10.1016/j.apcatb.2022.122325,initial(사용자 4편),Crossref 대조 통과,Crossref API
Chen1992,OPTIONAL,[B]→반응성,Al 배위–산성도의 선행 근거,transition alumina의 Al 배위수와 Lewis acidity 상관,S5·S7과 부분 중복. 시대 편향 교정용으로는 유용,Aluminum coordination and Lewis acidity in transition aluminas,1992,Journal of Catalysis,10.1016/0021-9517(92)90239-e,v1 추가,Crossref 대조 통과,Crossref API
IngramJones1996,OPTIONAL,[A]→[B],전구체×가열방식,"gibbsite/boehmite, soak vs flash 탈수화 경로",[A]→[B]가 이미 과포화. 어휘(soak/flash)는 고유,Dehydroxylation sequences of gibbsite and boehmite: study of differences between soak and flash calcination and of particle-size effects,1996,Journal of Materials Chemistry,10.1039/jm9960600073,v1 추가,Crossref 대조 통과,Crossref API
Liu2021,OPTIONAL,[A]→[B],합성경로로 Al(V) 생성,불포화 pentacoordinate Al3+ 풍부 구조,[A]→[B] 과포화. 합성 어휘는 고유,Insights into flower-like Al2O3 spheres with rich unsaturated pentacoordinate Al3+ sites stabilizing Ru-CeOx for propane total oxidation,2021,Applied Catalysis B: Environmental,10.1016/j.apcatb.2021.120171,v1 추가,Crossref 대조 통과,Crossref API
Ishizaki2003,OPTIONAL,[B] 결함분광,조사損傷이 아닌 EPR 경로,sol–gel alumina 막의 결함 EPR,γ계 재료화학 맥락의 EPR — G4 공석을 메울 후보지만 박막 시료,EPR studies on defects in sol–gel derived alumina films,2003,Journal of Physics and Chemistry of Solids,10.1016/s0022-3697(02)00377-3,v2 신규,Crossref 대조 통과,Crossref API
Fottinger2008,OPTIONAL,[D'] 동위원소,CO+OH 경로의 표지 증거,표지 CO/CO2 분광: Pd-alumina의 carbonate는 CO와 지지체 OH의 'oxygen down' 반응; Pd 상 CO 해리 배제,Ammendola·Kalamaras와 메시지 중복,The mechanism of carbonate formation on Pd–Al 2 O 3 catalysts,2008,Chem. Commun.,10.1039/b713161e,v2 신규,Crossref 대조 통과,Crossref API
Serre1993,OPTIONAL,[D] 기원,CO-TPR→WGS 귀속의 초기 관측,Pt/Al2O3·Pt-CeO2/Al2O3의 CO 산화 반응성,내용이 Ammendola2011에 요약되어 중복,Reactivity of Pt/Al2O3 and Pt-CeO2Al2O3 Catalysts for the Oxidation of Carbon Monoxide by Oxygen,1993,Journal of Catalysis,10.1006/jcat.1993.1113,v2 신규,Crossref 대조 통과,Crossref API
Haneda2000,OPTIONAL,[D'] ,OH+CO→H2의 직접 증거,Ga2O3–Al2O3 상 OH와 CO 반응으로 수소 생성,혼합 산화물이어서 γ-Al2O3 단독 근거로는 약함,Evidence for the Formation of Hydrogen by Surface Reaction between Hydroxyl Groups and CO Molecule over Ga2O3–Al2O3,2000,Chemistry Letters,10.1246/cl.2000.974,v2 신규,Crossref 대조 통과,Crossref API
Shablonin2020,OPTIONAL,precision probe,경계 탐침,중성자 조사 α-Al2O3의 dimer F center,α상·조사損傷 커뮤니티 — query 표류 확인용,Thermal annealing and transformation of dimer F centers in neutron-irradiated Al2O3 single crystals,2021,Journal of Nuclear Materials,10.1016/j.jnucmat.2020.152600,v1 추가,Crossref 대조 통과,Crossref API
Kwak2008,REMOVE,[A]→[B],고온 상전이에서의 Al(V),—,[A]→[B] 과포화 + PNNL 그룹 중복. 온도 상한 질문이 [C]/[D]보다 후순위,Role of Pentacoordinated Al 3+ Ions in the High Temperature Phase Transformation of γ-Al 2 O 3,2008,The Journal of Physical Chemistry C,10.1021/jp802631u,v1 추가,Crossref 대조 통과,Crossref API
Arrouvel2004,REMOVE,[A]→[B] 계산,형태별 OH 농도 DFT,—,Digne2004와 동일 그룹·방법·메시지,Effects of morphology on surface hydroxyl concentration: a DFT comparison of anatase–TiO2 and γ-alumina catalytic supports,2004,Journal of Catalysis,10.1016/j.jcat.2003.10.016,v2 신규,Crossref 대조 통과,Crossref API
Dropsch1997,REMOVE,[D'],Pd 상 CO TPD,—,alumina-OH 메시지는 Ammendola·Föttinger가 더 직접적,CO adsorption on supported Pd catalysts studied by adsorption microcalorimetry and temperature programmed desorption,1997,Applied Catalysis A: General,10.1016/s0926-860x(96)00418-8,v2 신규,Crossref 대조 통과,Crossref API
Olympiou2007,REMOVE,[D'],WGS 기전 제안,—,"Kalamaras2008(동일 그룹, operando 동위원소)로 대체",Mechanistic aspects of the water–gas shift reaction on alumina-supported noble metal catalysts: In situ DRIFTS and SSITKA-mass spectrometry studies,2007,Catalysis Today,10.1016/j.cattod.2007.05.002,v2 신규,Crossref 대조 통과,Crossref API
Iordan2004,REMOVE,[D'],carboxy 종 형성,—,Ammendola의 기전 논의에 흡수,"Formation of carboxy species at CO/Al2O3 interfaces. Impacts of surface hydroxylation, potassium alkalization and hydrogenation as assessed by in situ FTIR spectroscopy",2004,Physical Chemistry Chemical Physics,10.1039/b401367k,v2 신규,Crossref 대조 통과,Crossref API
Kwak2009,REMOVE,[B],Al(V)=Pt 결합 site,—,Kwak2007과 개념·그룹 중복 (1차 검토에서 이미 제외),Coordinatively Unsaturated Al 3+ Centers as Binding Sites for Active Catalyst Phases of Platinum on γ-Al 2 O 3,2009,Science,10.1126/science.1176745,v1 추가,Crossref 대조 통과,Crossref API
