candidate,title,year,venue,authors,group,study_type,treatment,property_evidence,difference_from_initial_seeds,reason_to_add,gap_filled,decision,decision_reason,doi,verification,verification_source
Knozinger1978,Catalytic Aluminas: Surface Models and Characterization of Surface Sites,1978,Catalysis Reviews,Knözinger; Ratnasamy,Knözinger & Ratnasamy,experimental (review of IR/surface models),dehydroxylation 일반 (온도별 OH 거동),"surface OH 유형 분류, Lewis/Brønsted 산점 모델",initial 4편에 없는 1970년대 foundational surface model. Al(V) 개념 이전의 OH 중심 기술체계,"분야의 용어 체계 원천 — term harvesting의 출발점이 되는 어휘(OH type, coordinatively unsaturated, Lewis site)를 공급",G1,INCLUDE,용어·개념 원천이며 대체 불가,10.1080/03602457808080878,Crossref 대조 통과,Crossref API
Chen1992,Aluminum coordination and Lewis acidity in transition aluminas,1992,Journal of Catalysis,CHEN,"Chen, Davis & Fripiat",experimental (27Al NMR + acidity),transition alumina 열처리,Al 배위수 ↔ Lewis acidity 상관,Kwak2007보다 15년 앞서 Al 배위와 산성도를 연결. PNNL과 독립된 그룹,Al(V)-reactivity 연결의 선행 근거를 제공해 '최근 발견'이라는 편향을 교정,G1/G5,INCLUDE,독립 그룹의 선행 근거,10.1016/0021-9517(92)90239-e,Crossref 대조 통과,Crossref API
Morterra1996,"A case study: surface chemistry and surface structure of catalytic aluminas, as studied by vibrational spectroscopy of adsorbed species",1996,Catalysis Today,Morterra; Magnacca,Morterra & Magnacca,experimental (IR 중심),calcination/dehydration 온도 변화,"표면 OH·산점의 IR 지문, 표면 구조",initial 4편은 NMR·TPR 중심 — IR 기반 표면화학 문헌이 전무,characterization 축을 IR로 확장. IR 문헌은 NMR 용어로 검색되지 않음,G1,INCLUDE,IR 커뮤니티 접근 경로 확보,10.1016/0920-5861(95)00163-8,Crossref 대조 통과,Crossref API
Digne2004,Use of DFT to achieve a rational understanding of acid?basic properties of ?-alumina surfaces,2004,Journal of Catalysis,DIGNE,"Digne, Raybaud, Sautet, Toulhoat (IFP/Lyon)",computational (DFT) + thermodynamic model,탈수화 온도에 따른 표면 OH 피복률,"(110)/(100) 표면별 OH 밀도, 산·염기 site","initial 4편에 primary DFT 연구가 없음 (Prins2020은 review, Jeong2020의 DFT는 ceria 위 CO 진동수)",처리온도 → 표면 OH 피복률 → site 생성의 계산적 기준 모델. 이후 모든 DFT 문헌의 허브,G2,INCLUDE,계산 축의 기준점,10.1016/j.jcat.2004.04.020,Crossref 대조 통과,Crossref API
Joubert2006,Heterolytic Splitting of H 2 and CH 4 on γ-Alumina as a Structural Probe for Defect Sites,2006,The Journal of Physical Chemistry B,Joubert; Salameh; Krakoviack; Delbecq; Sautet; Copéret; Basset,"Joubert, Copéret, Sautet, Basset 외 (Lyon/ETH)","computational + experimental (DFT, IR, NMR)",500 °C 고진공 처리,"defect site의 H2·CH4 heterolytic splitting, defect 밀도 정량",initial 4편 중 어느 것도 H2가 alumina 표면에서 무엇을 하는지 다루지 않음,**저온 H2 소모가 산소 제거 없이도 일어남**을 보이는 핵심 대안 설명. Jeong2020 저온 TCD 피크 해석의 직접적 경쟁 가설,G8/G9,INCLUDE,motivation 해석의 경쟁 가설 — 필수,10.1021/jp0641841,Crossref 대조 통과,Crossref API
Wischert2012,"γ-Alumina: The Essential and Unexpected Role of Water for the Structure, Stability, and Reactivity of “Defect” Sites",2012,Journal of the American Chemical Society,Wischert; Laurent; Copéret; Delbecq; Sautet,"Wischert, Copéret, Delbecq, Sautet",computational + experimental (DFT + 분광),부분 탈수화 (최적 700 °C),(110)면의 tricoordinate Al(III)가 'defect' site; Al(V)는 반응성 설명 불가,initial 4편의 Al(V) 중심 서술과 **정면으로 충돌**,Al(V)=반응성 site라는 전제를 반증하는 counter-evidence. 상충 증거를 seed에 내장,G2/G9,INCLUDE,Al(V) 프레임의 반증 축,10.1021/ja3042383,Crossref 대조 통과,Crossref API
Martin1996,"Mobility of Surface Species on Oxides. 1. Isotopic Exchange of 18 O 2 with 16 O of SiO 2 , Al 2 O 3 , ZrO 2 , MgO, CeO 2 , and CeO 2 -Al 2 O 3 . Activation by Noble Metals. Correlation with Oxide Basicity",1996,The Journal of Physical Chemistry,Martin; Duprez,Martin & Duprez,experimental (온도프로그램 18O2/16O 동위원소 교환),200–900 °C 산소 교환 조건,격자 산소 이동성: γ-Al2O3 최대 교환속도 620 °C (CeO2 410 °C); Rh 존재 시 200–300 °C 하강,initial 4편에 alumina 자체의 산소 거동 측정이 전무,Processing→Structure→**Oxygen behavior** 고리를 직접 측정으로 채우는 유일한 후보. 동시에 금속에 의한 spillover 교란을 정량적으로 경고,G3,INCLUDE,oxygen behavior 고리의 유일한 직접 측정,10.1021/jp9531568,Crossref 대조 통과,Crossref API
Ammendola2011,Alumina contribution to CO oxidation: A TPR and IR study,2011,Surface Science,Ammendola; Barbato; Lisi; Ruoppolo; Russo,"Ammendola, Barbato, Lisi, Ruoppolo, Russo",experimental (TPR + IR),TPR 승온 조건 하 alumina,alumina 자체의 TPR 기여와 IR 변화,Jeong2020 Supplementary Fig. 1의 'surface Al 환원' 해석이 인용한 바로 그 근거 문헌,우리 연구 motivation의 **출처(provenance)**. 이 논문을 검증하지 않으면 핵심 전제가 미검증 상태로 남음,G3,INCLUDE,motivation의 출처 — 반드시 포함,10.1016/j.susc.2011.06.018,Crossref 대조 통과,Crossref API
Kramer1979,Adsorption of atomic hydrogen on alumina by hydrogen spillover,1979,Journal of Catalysis,KRAMER,Kramer & Andre,experimental,H2 노출 (spillover 조건),alumina 상 원자수소 흡착 (spillover),initial 4편에 H2 흡수를 환원 이외로 설명하는 문헌이 없음,저온 H2 신호의 또 다른 대안 설명(spillover). 반증 가능성을 seed 단계에서 확보,G7,INCLUDE,counter-evidence 축,10.1016/0021-9517(79)90266-5,Crossref 대조 통과,Crossref API
IngramJones1996,Dehydroxylation sequences of gibbsite and boehmite: study of differences between soak and flash calcination and of particle-size effects,1996,Journal of Materials Chemistry,Ingram-Jones; Slade; Davies; Southern; Salvador,"Ingram-Jones, Slade, Davies 외",experimental (열분석/구조),"gibbsite vs boehmite 탈수화, soak vs flash 가열",전구체·가열방식에 따른 탈수화 경로 차이,Prins2020은 이를 review 수준으로만 언급 — 1차 실험 데이터가 없음,전구체 × 가열방식이라는 treatment 축을 1차 문헌으로 확보,G5/G6,INCLUDE,treatment 축 1차 근거,10.1039/jm9960600073,Crossref 대조 통과,Crossref API
Liu2021,Insights into flower-like Al2O3 spheres with rich unsaturated pentacoordinate Al3+ sites stabilizing Ru-CeOx for propane total oxidation,2021,Applied Catalysis B: Environmental,Liu; Yang; Zhang; He; Luo; Tao; Wu; Peng,"Liu, Yang, Zhang 외",experimental,합성 경로 제어 (flower-like sphere),불포화 pentacoordinate Al3+ 가 풍부한 구조 안정화,initial 4편은 모두 기성 alumina를 후처리 — 합성으로 Al(V)를 만든 사례가 없음,'후처리로 만드는가 / 합성으로 만드는가'라는 분기를 seed에 포함. 최근·타 지역 그룹,G6,INCLUDE,synthesis 축,10.1016/j.apcatb.2021.120171,Crossref 대조 통과,Crossref API
Kwak2008,Role of Pentacoordinated Al 3+ Ions in the High Temperature Phase Transformation of γ-Al 2 O 3,2008,The Journal of Physical Chemistry C,Kwak; Hu; Lukaski; Kim; Szanyi; Peden,"Kwak, Hu, Peden 외 (PNNL)",experimental (27Al NMR),고온 상전이 영역까지의 열처리,Al(V)의 고온 상전이 역할,Kwak2007과 같은 그룹이나 온도축을 상전이까지 확장,처리온도 상한에서 Al(V)가 어떻게 되는지 — 온도 시리즈 축,G5,INCLUDE,온도축 확장 (그룹 중복은 수용),10.1021/jp802631u,Crossref 대조 통과,Crossref API
Kwak2009,Coordinatively Unsaturated Al 3+ Centers as Binding Sites for Active Catalyst Phases of Platinum on γ-Al 2 O 3,2009,Science,Kwak; Hu; Mei; Yi; Kim; Peden; Allard; Szanyi,"Kwak, Peden 외 (PNNL)",experimental,calcination/impregnation,Al(V)가 Pt 결합 site,개념·그룹 모두 Kwak2007과 중복,—,G1,EXCLUDE,Kwak2007과 개념·그룹 중복 (피인용은 높으나 coverage 추가 없음),10.1126/science.1176745,Crossref 대조 통과,Crossref API
Trueba2005,γ‐Alumina as a Support for Catalysts: A Review of Fundamental Aspects,2005,European Journal of Inorganic Chemistry,Trueba; Trasatti,Trueba & Trasatti,review,—,γ-alumina 지지체 총론,Prins2020·Knozinger1978과 역할 중복,—,G1,EXCLUDE,review 중복,10.1002/ejic.200500348,Crossref 대조 통과,Crossref API
Soled1983,$gamma;-Al2O3 viewed as a defect oxyhydroxide,1983,Journal of Catalysis,SOLED,Soled,experimental/concept,—,γ-Al2O3를 defect oxyhydroxide로 봄,Prins2020이 이 모델 계열을 이미 평가·기각 논의,—,G1,EXCLUDE,Prins2020에 흡수된 구조 논쟁,10.1016/0021-9517(83)90163-x,Crossref 대조 통과,Crossref API
Samain2014,Structural analysis of highly porous γ-Al2O3,2014,Journal of Solid State Chemistry,Samain; Jaworski; Edén; Ladd; Seo; Javier Garcia-Garcia; Häussermann,"Samain, Edén 외",experimental (구조 해석),—,고다공성 γ-Al2O3 구조,Prins2020의 구조 축과 중복,—,G5,EXCLUDE,구조 축 중복,10.1016/j.jssc.2014.05.004,Crossref 대조 통과,Crossref API
Kovarik2014,Structure of δ-Alumina: Toward the Atomic Level Understanding of Transition Alumina Phases,2014,The Journal of Physical Chemistry C,Kovarik; Bowden; Genc; Szanyi; Peden; Kwak,"Kovarik, Szanyi, Peden, Kwak (PNNL)",experimental,—,δ-alumina 구조,구조 축 + PNNL 그룹 중복,—,G2,EXCLUDE,구조 축·그룹 중복,10.1021/jp500051j,Crossref 대조 통과,Crossref API
Pigeon2021,Revisiting γ-alumina surface models through the topotactic transformation of boehmite surfaces,2022,Journal of Catalysis,Pigeon; Chizallet; Raybaud,"Pigeon, Chizallet, Raybaud (IFPEN)",computational (DFT),boehmite 위상변환 기반 표면 모델,최신 γ-alumina 표면 모델,Digne2004와 동일 연구 계보,—,G2,EXCLUDE,"Digne2004와 계보 중복 (단, v2에서 최신 모델 필요 시 1순위 보강)",10.1016/j.jcat.2021.11.011,Crossref 대조 통과,Crossref API
Cholewinski2018,Computational Study of Methane Activation on γ-Al2O3,2018,ACS Omega,Cholewinski; Dixit; Mpourmpakis,"Cholewinski, Dixit, Mpourmpakis",computational (DFT),—,γ-Al2O3 상 메탄 활성화,Joubert2006·Wischert2012와 주제 중복,—,G9,EXCLUDE,defect reactivity 축 중복,10.1021/acsomega.8b02554,Crossref 대조 통과,Crossref API
Dixit2018,Structure–Activity Relationships in Alkane Dehydrogenation on γ-Al 2 O 3 : Site-Dependent Reactions,2018,ACS Catalysis,Dixit; Kostetskyy; Mpourmpakis,"Dixit, Kostetskyy, Mpourmpakis",computational (DFT),—,alkane dehydrogenation site 의존성,반응 축이 본 연구질문(산소/환원)과 간접적,—,G9,EXCLUDE,질문과의 거리,10.1021/acscatal.8b03484,Crossref 대조 통과,Crossref API
Shablonin2020,Thermal annealing and transformation of dimer F centers in neutron-irradiated Al2O3 single crystals,2021,Journal of Nuclear Materials,Shablonin; Popov; Prieditis; Vasil'chenko; Lushchik,"Shablonin, Lushchik 외",experimental (광학/EPR),중성자 조사 + 열처리,α-Al2O3 단결정의 dimer F center (산소 공공),**물질(α상)과 커뮤니티(조사손상·세라믹)가 다름**,"core seed로는 부적합하나, query의 precision을 시험하는 boundary probe로는 유용",G4,OPTIONAL,α-Al2O3·조사손상 문헌 — 경계 탐침으로만,10.1016/j.jnucmat.2020.152600,Crossref 대조 통과,Crossref API
