seed_id,key,title,year,venue,doi,group,study_type,treatment,measured_evidence,chain_coverage,why_this_seed_is_needed,verification,verification_source,origin
S1,Kwak2007,Penta-coordinated Al3+ ions as preferential nucleation sites for BaO on γ-Al2O3: An ultra-high-magnetic field 27Al MAS NMR study,2007,Journal of Catalysis,10.1016/j.jcat.2007.06.029,"PNNL (Kwak, Peden)",experimental,"calcination 500 °C / 2 h, 20% O2","Al(V) 표면 국재 (T1<8 ms), 1.56 mol% 정량",structure only,Al(V)가 표면에만 존재한다는 1차 근거 — 모든 Al(V) 논의의 기준점이므로 없으면 structure 축의 기준이 사라진다,Crossref 대조 통과,Crossref API,initial (사용자 제공)
S2,Prins2020,On the structure of γ-Al2O3,2020,Journal of Catalysis,10.1016/j.jcat.2020.10.010,ETH Zürich (Prins),review,"전구체 탈수화 (boehmite/bayerite/gibbsite), 수증기압·승온속도","cation vacancy는 팔면체 위치(약 80% VO), 65% AlO; 표면 재구성",structure only,'vacancy'가 양이온 공공이지 산소 공공이 아님을 못박아 주는 구조 기준 — 용어 혼동을 막는 데 필수,Crossref 대조 통과,Crossref API,initial (사용자 제공)
S3,Jeong2020,Highly durable metal ensemble catalysts with full dispersion for automotive applications beyond single-atom catalysts,2020,Nature Catalysis,10.1038/s41929-020-0427-z,KAIST (H. Lee),"experimental (+DFT, ceria 한정)",H2 pre-reduction 350 °C,Al(V) 생성; fresh γ-Al2O3의 H2-TPR TCD 피크 267 / 661 °C,reducibility claim (저자 해석),본 연구의 motivation 그 자체 — 재현 대상 그래프(SI Fig. 1)를 담고 있어 제외 불가,Crossref 대조 통과,Crossref API,initial (사용자 제공)
S4,Choi2022,Anchoring catalytically active species on alumina via surface hydroxyl group for durable surface reaction,2023,Applied Catalysis B: Environmental,10.1016/j.apcatb.2022.122325,KAIST (H. Lee),experimental,"수열 전처리 10% H2O/air, 500 또는 750 °C, 10 h","표면 OH 생성 (1H MAS NMR), 고온 내구성",structure → anchoring,처리 방식을 '환원'이 아닌 '수열/OH 생성'으로 바꾼 대조군 — treatment 축의 두 번째 분기,Crossref 대조 통과,Crossref API,initial (사용자 제공)
S5,Knozinger1978,Catalytic Aluminas: Surface Models and Characterization of Surface Sites,1978,Catalysis Reviews,10.1080/03602457808080878,Knözinger & Ratnasamy,experimental/review,탈수화 온도에 따른 OH 거동,"표면 OH 유형, Lewis/Brønsted 산점 모델",surface chemistry,검색어 자체의 원천 — 이 논문의 어휘 없이는 1980–2000년대 문헌을 query로 끌어올 수 없다,Crossref 대조 통과,Crossref API,added (citation chasing / term search)
S6,Chen1992,Aluminum coordination and Lewis acidity in transition aluminas,1992,Journal of Catalysis,10.1016/0021-9517(92)90239-e,"Chen, Davis & Fripiat",experimental,transition alumina 열처리,Al 배위수와 Lewis acidity의 상관,structure → surface reactivity,Al 배위–반응성 연결이 2007년 이후의 발견이라는 시대 편향을 교정하는 선행 근거,Crossref 대조 통과,Crossref API,added (citation chasing / term search)
S7,Morterra1996,"A case study: surface chemistry and surface structure of catalytic aluminas, as studied by vibrational spectroscopy of adsorbed species",1996,Catalysis Today,10.1016/0920-5861(95)00163-8,Morterra & Magnacca,experimental (IR),calcination/dehydration 온도,표면 OH·산점의 IR 지문,surface chemistry,characterization을 IR로 확장 — NMR 어휘로는 도달하지 않는 분광 문헌군의 입구,Crossref 대조 통과,Crossref API,added (citation chasing / term search)
S8,Digne2004,Use of DFT to achieve a rational understanding of acid?basic properties of ?-alumina surfaces,2004,Journal of Catalysis,10.1016/j.jcat.2004.04.020,"IFP/Lyon (Digne, Raybaud, Sautet)",computational (DFT),탈수화 온도별 표면 OH 피복률,(110)/(100)면 OH 밀도와 산·염기 site,structure (계산),처리온도→표면 OH 피복률→site 생성을 계산으로 연결하는 기준 모델 — 계산 축의 유일한 기준점,Crossref 대조 통과,Crossref API,added (citation chasing / term search)
S9,Joubert2006,Heterolytic Splitting of H 2 and CH 4 on γ-Alumina as a Structural Probe for Defect Sites,2006,The Journal of Physical Chemistry B,10.1021/jp0641841,"Lyon/ETH (Copéret, Sautet)",computational + experimental,500 °C 고진공,"defect site에서 H2가 25 °C, CH4가 100–150 °C에 heterolytic splitting; defect 밀도 0.043–0.069 site/nm² (OH 4/nm² 대비)",defect reactivity (산소 제거 아님),저온 H2 소모가 산소 제거 없이 일어날 수 있음을 정량적으로 보여 S3의 TCD 해석에 대한 경쟁 가설을 제공,Crossref 대조 통과,Crossref API,added (citation chasing / term search)
S10,Wischert2012,"γ-Alumina: The Essential and Unexpected Role of Water for the Structure, Stability, and Reactivity of “Defect” Sites",2012,Journal of the American Chemical Society,10.1021/ja3042383,"Lyon/ETH (Wischert, Copéret, Sautet)",computational + experimental,"부분 탈수화, 최적 700 °C",(110)면 tricoordinate Al(III)가 defect site; (100)면 Al(V)로는 반응성 설명 불가,defect reactivity + counter-evidence,Al(V)=반응성 site라는 seed set의 지배적 전제를 반증 — 상충 증거를 처음부터 내장하기 위해 필수,Crossref 대조 통과,Crossref API,added (citation chasing / term search)
S11,Martin1996,"Mobility of Surface Species on Oxides. 1. Isotopic Exchange of 18 O 2 with 16 O of SiO 2 , Al 2 O 3 , ZrO 2 , MgO, CeO 2 , and CeO 2 -Al 2 O 3 . Activation by Noble Metals. Correlation with Oxide Basicity",1996,The Journal of Physical Chemistry,10.1021/jp9531568,Martin & Duprez,experimental (18O2/16O 교환),200–900 °C 산소 교환,γ-Al2O3 최대 교환속도 620 °C (CeO2 410 °C); Rh 존재 시 200–300 °C 하강,oxygen behavior (직접 측정),"alumina 격자 산소의 이동성을 직접 측정한 유일한 seed이며, 금속에 의한 spillover 교란도 동시에 정량화",Crossref 대조 통과,Crossref API,added (citation chasing / term search)
S12,Ammendola2011,Alumina contribution to CO oxidation: A TPR and IR study,2011,Surface Science,10.1016/j.susc.2011.06.018,"Ammendola, Lisi 외",experimental (TPR + IR),TPR 승온 조건,alumina 자체의 TPR 기여,reducibility claim의 출처,S3의 'surface Al 환원' 해석이 인용한 근거 문헌 — 전제의 provenance를 추적하려면 반드시 필요,Crossref 대조 통과,Crossref API,added (citation chasing / term search)
S13,Kramer1979,Adsorption of atomic hydrogen on alumina by hydrogen spillover,1979,Journal of Catalysis,10.1016/0021-9517(79)90266-5,Kramer & Andre,experimental,H2 노출,alumina 상 원자수소 흡착 (spillover),alternative explanation,H2 흡수를 환원이 아닌 spillover로 설명하는 고전 근거 — 반증 경로 확보,Crossref 대조 통과,Crossref API,added (citation chasing / term search)
S14,IngramJones1996,Dehydroxylation sequences of gibbsite and boehmite: study of differences between soak and flash calcination and of particle-size effects,1996,Journal of Materials Chemistry,10.1039/jm9960600073,"Ingram-Jones, Slade 외",experimental,"gibbsite vs boehmite, soak vs flash 가열",전구체·가열방식별 탈수화 경로,processing → structure,전구체 × 가열방식 축을 1차 실험으로 담당 (S2는 review 수준에서만 언급),Crossref 대조 통과,Crossref API,added (citation chasing / term search)
S15,Liu2021,Insights into flower-like Al2O3 spheres with rich unsaturated pentacoordinate Al3+ sites stabilizing Ru-CeOx for propane total oxidation,2021,Applied Catalysis B: Environmental,10.1016/j.apcatb.2021.120171,"Liu, Yang 외",experimental,합성 경로 제어,불포화 pentacoordinate Al3+ 풍부 구조,synthesis → structure,Al(V)를 후처리가 아니라 '합성'으로 만드는 경로를 담당 — 나머지 15편이 모두 후처리 계열,Crossref 대조 통과,Crossref API,added (citation chasing / term search)
S16,Kwak2008,Role of Pentacoordinated Al 3+ Ions in the High Temperature Phase Transformation of γ-Al 2 O 3,2008,The Journal of Physical Chemistry C,10.1021/jp802631u,"PNNL (Kwak, Peden)",experimental (27Al NMR),고온 상전이 영역 열처리,Al(V)의 고온 상전이 역할,processing → structure (온도 상한),처리온도를 상전이까지 밀었을 때 Al(V)가 어떻게 되는지를 담당 — 온도축의 상한 정의,Crossref 대조 통과,Crossref API,added (citation chasing / term search)
